{
  "title": "Trainings and Workshops",
  "clientLogos": [
    {
      "name": "Economic Times",
      "logo": "https://upload.wikimedia.org/wikipedia/commons/thumb/0/0c/Forbes_logo.svg/1200px-Forbes_logo.svg.png"
    },
    {
      "name": "Entrepreneur India",
      "logo": "https://upload.wikimedia.org/wikipedia/commons/thumb/2/22/Entrepreneur_logo.svg/1200px-Entrepreneur_logo.svg.png"
    },
    {
      "name": "Business Today",
      "logo": "https://upload.wikimedia.org/wikipedia/commons/thumb/6/69/Inc._magazine_logo.svg/1200px-Inc._magazine_logo.svg.png"
    },
    {
      "name": "Business Standard",
      "logo": "https://upload.wikimedia.org/wikipedia/commons/thumb/a/a9/Business_Insider_Logo.svg/1200px-Business_Insider_Logo.svg.png"
    },
    {
      "name": "YourStory",
      "logo": "https://upload.wikimedia.org/wikipedia/commons/thumb/8/8a/Fast_Company_logo.svg/1200px-Fast_Company_logo.svg.png"
    }
  ],
  "bottomCard": {
    "icon": "Mic",
    "title": "Dynamic LIVE Sessions",
    "description": "The Start Solo Blueprint level course consistently achieves a 4.9-star rating from participants and stands recognized as the \"High Impact Session\" that has transformed the businesses of over 2,800 solopreneurs to date.",
    "linkText": "Read success stories",
    "linkUrl": "#testimonials"
  }
}