{
  "description": "Your guide to building a successful solo business without overwhelm.",
  "quickLinks": [
    {
      "label": "Home",
      "url": "#"
    },
    {
      "label": "How It Works",
      "url": "#journey"
    },
    {
      "label": "Accelerator Session",
      "url": "#webinar"
    },
    {
      "label": "The Course",
      "url": "#course"
    },
    {
      "label": "Expert Speakers",
      "url": "#speakers"
    },
    {
      "label": "Your Instructor",
      "url": "#about"
    },
    {
      "label": "Testimonials",
      "url": "#testimonials"
    },
    {
      "label": "FAQ",
      "url": "#faq"
    }
  ],
  "resources": [
    {
      "label": "WhatsApp Hub (Free)",
      "url": "#whatsapp-hub",
      "icon": "MessageCircle"
    },
    {
      "label": "Free Business Assessment",
      "url": "#"
    },
    {
      "label": "Blog",
      "url": "#"
    },
    {
      "label": "Podcast",
      "url": "#"
    },
    {
      "label": "Success Stories",
      "url": "#"
    },
    {
      "label": "Privacy Policy",
      "url": "#"
    },
    {
      "label": "Terms of Service",
      "url": "#"
    }
  ],
  "contact": {
    "email": "hello@startsolo.in",
    "supportButtonText": "Contact Support"
  },
  "socialLinks": [
    {
      "platform": "Instagram",
      "url": "#"
    },
    {
      "platform": "Twitter",
      "url": "#"
    },
    {
      "platform": "Facebook",
      "url": "#"
    },
    {
      "platform": "Youtube",
      "url": "#"
    }
  ],
  "copyrightText": "© 2025 Start Solo. All rights reserved.",
  "disclaimer": "Results mentioned are not typical and will vary based on effort, implementation, and market conditions."
}