{
  "highlight": "NEXT COHORT STARTS JUNE 15, 2025 - JUST ₹99",
  "heading": "Start a **Profitable** Solo Business, **But Not Alone**",
  "subheading": "Tired of waiting for the \"right time\" to start? The Start Solo Blueprint is your game-changer. No fluff, no overwhelming jargon—just a clear, actionable roadmap to help you launch, grow, and scale as a Solopreneur, but not alone. Whether you're a freelancer, coach, consultant, or creative genius, this is your sign to be your own boss—on your own terms.",
  "keyPoints": [
    "The Step by Step Solopreneur's Blueprint to build a profitable solo business",
    "Branding & marketing hacks that actually work",
    "How to attract & retain clients (without being pushy for sales)",
    "The mindset shifts you need to succeed"
  ],
  "primaryButton": {
    "text": "Register Now - Just ₹99",
    "url": "#webinar-dates",
    "trackingId": "hero-register-button"
  },
  "secondaryButton": {
    "text": "Meet Your Instructor",
    "url": "#instructor",
    "trackingId": "hero-learn-more-button"
  },
  "videoId": null,
  "previewImage": "https://images.unsplash.com/photo-1522202176988-66273c2fd55f?ixlib=rb-4.0.3&ixid=M3wxMjA3fDB8MHxwaG90by1wYWdlfHx8fGVufDB8fHx8fA%3D%3D&auto=format&fit=crop&w=1200&q=80",
  "sessionDuration": "90 Minutes",
  "sessionPrice": "₹99",
  "originalPrice": "₹999",
  "participantsCount": "2800+"
}