{
  "title": "Privacy Policy",
  "slug": "privacy",
  "metaDescription": "Privacy policy for Start Solo Blueprint website and services.",
  "content": "# Privacy Policy\n\n**Last Updated: May 1, 2025**\n\nThis Privacy Policy describes how Start Solo Blueprint (\"we,\" \"us,\" or \"our\") collects, uses, and shares your personal information when you visit our website, register for our webinars, or purchase our courses.\n\n## Information We Collect\n\n### Personal Information\n\nWe may collect the following types of personal information:\n\n- **Contact Information**: Name, email address, phone number\n- **Account Information**: Username, password\n- **Payment Information**: Credit card details, billing address\n- **Profile Information**: Professional background, goals, preferences\n- **Communication**: Messages sent to us via contact forms or email\n\n### Usage Information\n\nWe automatically collect certain information about your device and how you interact with our website:\n\n- **Device Information**: IP address, browser type, operating system\n- **Usage Data**: Pages visited, time spent on pages, links clicked\n- **Location Information**: General location based on IP address\n\n## How We Use Your Information\n\nWe use your personal information for the following purposes:\n\n- To provide and maintain our services\n- To process and fulfill your purchases\n- To send you important information about our services\n- To communicate with you about webinars, courses, and other offerings\n- To improve our website and services\n- To comply with legal obligations\n\n## How We Share Your Information\n\nWe may share your personal information with:\n\n- **Service Providers**: Companies that help us deliver our services (payment processors, email service providers, etc.)\n- **Legal Requirements**: When required by law or to protect our rights\n\nWe do not sell your personal information to third parties.\n\n## Your Rights\n\nDepending on your location, you may have certain rights regarding your personal information, including:\n\n- The right to access your personal information\n- The right to correct inaccurate information\n- The right to delete your personal information\n- The right to restrict or object to processing\n- The right to data portability\n\nTo exercise these rights, please contact us at privacy@startsoloblueprint.com.\n\n## Changes to This Policy\n\nWe may update this Privacy Policy from time to time. We will notify you of any changes by posting the new Privacy Policy on this page and updating the \"Last Updated\" date.\n\n## Contact Us\n\nIf you have any questions about this Privacy Policy, please contact us at privacy@startsoloblueprint.com.",
  "showInNav": true,
  "navLabel": "Privacy",
  "navOrder": 3
}