{
  "metaTitle": "Start Solo Blueprint - Build a Profitable Solo Business Without Burnout",
  "metaDescription": "Join our exclusive webinar to discover how to build a profitable solo business without burning out. Learn proven strategies from successful entrepreneurs.",
  "metaKeywords": "solo entrepreneur, webinar, business blueprint, freelance, side hustle, online business",
  "ogImage": "https://images.unsplash.com/photo-1522202176988-66273c2fd55f?ixlib=rb-4.0.3&ixid=M3wxMjA3fDB8MHxwaG90by1wYWdlfHx8fGVufDB8fHx8fA%3D%3D&auto=format&fit=crop&w=1200&q=80",
  "twitterCard": "summary_large_image",
  "gaId": "GA_MEASUREMENT_ID",
  "eventDate": "2025-06-15T14:00:00-04:00",
  "eventEndDate": "2025-06-15T15:30:00-04:00"
}