{
  "title": "Terms of Service",
  "slug": "terms",
  "metaDescription": "Terms of service for Start Solo Blueprint website and services.",
  "content": "# Terms of Service\n\n**Last Updated: May 1, 2025**\n\nPlease read these Terms of Service (\"Terms\") carefully before using the Start Solo Blueprint website or any of our services.\n\n## Acceptance of Terms\n\nBy accessing or using our website, registering for webinars, or purchasing courses, you agree to be bound by these Terms. If you do not agree to these Terms, please do not use our services.\n\n## Services\n\nStart Solo Blueprint provides educational content, webinars, courses, and resources for solopreneurs. We reserve the right to modify, suspend, or discontinue any part of our services at any time without notice.\n\n## User Accounts\n\nWhen you create an account with us, you must provide accurate and complete information. You are responsible for maintaining the confidentiality of your account credentials and for all activities that occur under your account.\n\n## Payment and Refunds\n\n### Payment\n\nAll prices are listed in Indian Rupees (INR) unless otherwise specified. By making a purchase, you authorize us to charge the payment method you provide.\n\n### Refunds\n\nFor the Solo Accelerator Session, we offer a 100% money-back guarantee if you attend the full session and don't feel it was worth your time.\n\nFor course purchases, refund policies will be specified at the time of purchase. Generally, we offer a 30-day money-back guarantee for our courses.\n\n## Intellectual Property\n\nAll content on our website and in our courses, including text, graphics, logos, images, audio, video, and software, is the property of Start Solo Blueprint and is protected by copyright and other intellectual property laws.\n\nYou may not reproduce, distribute, modify, create derivative works from, publicly display, publicly perform, republish, download, store, or transmit any of our materials without our express written consent.\n\n## User Content\n\nBy submitting content to our website or services (such as comments, testimonials, or forum posts), you grant us a non-exclusive, royalty-free, perpetual, irrevocable, and fully sublicensable right to use, reproduce, modify, adapt, publish, translate, create derivative works from, distribute, and display such content throughout the world in any media.\n\n## Limitation of Liability\n\nTo the maximum extent permitted by law, Start Solo Blueprint shall not be liable for any indirect, incidental, special, consequential, or punitive damages, or any loss of profits or revenues, whether incurred directly or indirectly, or any loss of data, use, goodwill, or other intangible losses resulting from your access to or use of or inability to access or use our services.\n\n## Governing Law\n\nThese Terms shall be governed by and construed in accordance with the laws of India, without regard to its conflict of law provisions.\n\n## Changes to Terms\n\nWe reserve the right to modify these Terms at any time. We will provide notice of significant changes by posting the new Terms on our website and updating the \"Last Updated\" date.\n\n## Contact Us\n\nIf you have any questions about these Terms, please contact us at legal@startsoloblueprint.com.",
  "showInNav": true,
  "navLabel": "Terms",
  "navOrder": 4
}